cycle_times,total_bitmap_size,total_execution_time,execution_entry_count,total_score,no_new_coverage_cycle_times,exploration_mode,last_fuzz_finds_count,last_fuzz_crash_count,last_fuzz_timeout_count,bitmap_size,program_run_time
0,91972,0.7852683067321777,449,0,0,True,1331,0,0,3659,0
1,92512,0.7883446216583252,451,0,1,True,1332,744,0,3661,12.752048969268799
1,92847,0.7929930686950684,454,0,1,True,1333,1190,0,3662,17.54137134552002
1,93063,0.7949080467224121,455,0,1,True,1334,1247,0,3664,17.75564956665039
2,94233,0.8053967952728271,461,78931.25,0,True,1335,2583,0,3667,31.702593088150024
2,95042,0.8103141784667969,464,79081.25,0,True,1336,3058,0,3668,37.20541024208069
2,95477,0.811908483505249,465,79181.25,0,True,1337,3229,0,3670,46.592302083969116
3,95922,0.8152940273284912,467,79481.25,0,True,1338,3961,0,3671,56.15939688682556
3,96048,0.8169553279876709,468,79581.25,0,True,1339,4513,0,3678,64.36726951599121
3,96609,0.821967363357544,471,79581.25,0,True,1340,4993,0,3681,79.05349159240723
3,96877,0.8253481388092041,473,79706.25,0,True,1341,5395,0,3682,91.55694770812988
4,97134,0.8270606994628906,474,79806.25,0,True,1342,5788,0,3690,93.6978805065155
5,98674,0.8468024730682373,485,79906.25,0,True,1343,7951,0,3691,118.41113185882568
5,98949,0.85150146484375,488,80006.25,0,True,1344,8725,0,3695,128.83675503730774
6,99737,0.8600728511810303,493,80081.25,0,True,1345,10240,0,3696,149.14206862449646
7,101211,0.8728561401367188,500,81031.25,0,True,1346,12240,0,3697,178.0856420993805
8,102315,0.8832972049713135,506,81081.25,0,True,1347,14074,0,3700,203.1042037010193
8,102585,0.8864870071411133,508,81456.25,0,True,1348,14332,0,3701,206.91152715682983
8,102993,0.8900167942047119,510,81568.75,0,True,1349,14698,0,3702,212.6534833908081
9,104090,0.9019665718078613,517,81468.75,0,True,1350,16447,0,3713,227.6134557723999
10,104527,0.9069955348968506,520,81918.75,0,True,1351,17172,0,3714,233.7957625389099
10,105075,0.9118523597717285,523,81868.75,0,True,1352,17415,0,3715,236.26111555099487
10,105147,0.9135839939117432,524,82243.75,0,True,1353,17632,0,3716,245.16248297691345
11,106653,0.9510667324066162,535,82243.75,0,True,1354,20564,0,3718,285.88472056388855
13,108139,0.9596188068389893,540,82543.75,1,True,1355,23004,0,4242,317.7203018665314
13,108677,0.9646415710449219,543,83418.75,1,True,1356,24219,0,4246,338.13072299957275
14,108911,0.9665539264678955,544,82918.75,0,True,1357,24484,0,4264,339.5458333492279
14,110355,0.974785327911377,549,83318.75,0,True,1358,25311,0,4299,349.01595640182495
14,111177,0.9764931201934814,550,83643.75,0,True,1359,25764,0,4317,351.98820066452026
15,112190,0.9803547859191895,552,84193.75,0,True,1360,26956,0,4318,363.7982585430145
15,112371,0.9842925071716309,553,82368.75,0,True,1361,26999,0,4342,363.9907374382019
17,113826,1.0035672187805176,564,82418.75,1,True,1362,30582,0,4343,423.7411115169525
17,114066,1.007174015045166,566,83518.75,1,True,1363,31272,0,4344,435.2173488140106
17,114836,1.0088188648223877,567,83768.75,1,True,1364,31388,0,4349,437.0700602531433
19,115945,1.0230510234832764,576,83893.75,1,True,1365,34820,0,4352,475.52145195007324
19,116634,1.0288333892822266,579,83743.75,1,True,1366,35376,0,4354,482.36915254592896
20,117024,1.0338225364685059,582,84143.75,0,True,1367,37323,0,4355,510.88459944725037
21,118800,1.0465400218963623,589,84143.75,0,True,1368,38250,0,4357,521.8316221237183
21,119247,1.0515031814575195,592,84443.75,0,True,1369,39076,0,4361,540.1090104579926
21,119392,1.0529978275299072,593,84543.75,0,True,1370,39565,0,4366,558.005383014679
21,119905,1.0569212436676025,595,84493.75,0,True,1371,39946,0,4375,561.5585331916809
23,121724,1.0742230415344238,605,84893.75,1,True,1372,44123,0,4376,616.9336004257202
24,121999,1.077505111694336,607,84693.75,0,True,1373,44681,0,4377,626.0476162433624
24,123045,1.0820424556732178,610,85168.75,0,True,1374,45124,0,4378,629.3389284610748
25,123185,1.0838556289672852,611,85193.75,0,True,1375,46198,0,4381,671.8425693511963
25,124055,1.0989680290222168,620,85593.75,0,True,1376,47768,0,4382,699.6078808307648
27,125846,1.1158387660980225,630,85643.75,1,True,1377,50343,0,4383,726.8391761779785
27,127589,1.1364734172821045,641,85518.75,1,True,1378,52001,0,4384,747.3341114521027
28,129201,1.1465907096862793,647,85918.75,0,True,1379,53163,0,4391,760.8436205387115
28,129566,1.1504905223846436,649,86018.75,0,True,1380,53636,0,4393,766.13454413414
28,130801,1.1578483581542969,653,86268.75,0,True,1381,53867,0,4397,768.4631621837616
28,130993,1.1596274375915527,654,86568.75,0,True,1382,54033,0,4398,771.3356809616089
29,131960,1.162543535232544,656,86968.75,0,True,1383,54242,0,4404,773.3062710762024
29,132202,1.166144609451294,658,86518.75,0,True,1384,55143,0,4407,784.7826433181763
30,134817,1.1798827648162842,666,86493.75,0,False,1385,56916,0,4408,818.6174066066742
30,135864,1.1832683086395264,668,86043.75,0,False,1386,56986,0,4409,819.5985805988312
30,137239,1.1916773319244385,673,85618.75,0,False,1387,57795,0,4410,829.4582560062408
30,137313,1.1930296421051025,674,86718.75,0,False,1388,58157,0,4411,836.253958940506
31,137879,1.1965043544769287,676,86768.75,0,False,1389,58517,0,4412,839.2958989143372
31,139725,1.2112760543823242,684,86168.75,0,False,1390,60124,0,4413,858.071084022522
32,140224,1.216376543045044,687,86318.75,0,False,1391,60340,0,4416,859.1952021121979
32,140645,1.2198092937469482,689,86618.75,0,False,1392,60389,0,4421,859.5731809139252
32,140802,1.2216911315917969,690,87218.75,0,False,1393,60605,0,4422,861.4548316001892
32,141503,1.23030686378479,694,87268.75,0,False,1394,61602,0,4429,874.8138031959534
34,145024,1.2532150745391846,707,86943.75,1,False,1395,65389,0,4431,925.2652456760406
34,145205,1.254622459411621,708,86318.75,1,False,1396,65490,0,4433,925.8643152713776
34,145743,1.2578480243682861,709,86493.75,1,False,1397,65561,0,4438,927.5015270709991
35,146370,1.2639920711517334,713,87068.75,0,False,1398,66400,0,4441,972.8889122009277
35,148849,1.277872085571289,721,87493.75,0,False,1399,68164,0,4467,1014.0382301807404
36,149253,1.2822661399841309,724,87593.75,0,False,1400,68589,0,4471,1018.0459718704224
36,149386,1.2839314937591553,725,87743.75,0,False,1401,68747,0,4472,1018.9773736000061
37,151524,1.3079452514648438,739,87943.75,0,False,1402,71540,0,4474,1048.2047555446625
38,152506,1.3111441135406494,741,87093.75,0,False,1403,72760,0,4475,1063.153507232666
38,153378,1.3133139610290527,742,88268.75,0,False,1404,72973,0,4476,1064.3252909183502
41,159651,1.3628027439117432,770,89068.75,2,False,1405,80360,0,4477,1154.9786462783813
42,160564,1.3723084926605225,773,87493.75,0,False,1406,81130,0,4485,1162.3685925006866
43,162371,1.396012783050537,787,87893.75,0,False,1407,83512,0,4486,1194.4789566993713
43,163079,1.4018430709838867,790,87868.75,0,False,1408,83808,0,4487,1197.503314256668
44,164845,1.4210851192474365,801,88468.75,0,False,1409,86761,0,4508,1254.3383858203888
44,165041,1.4230306148529053,802,88393.75,0,False,1410,86788,0,4509,1254.4894950389862
44,167248,1.4280750751495361,805,88643.75,0,False,1411,87217,0,5320,1264.0260531902313
46,169419,1.4498770236968994,817,89643.75,1,False,1412,91104,0,5321,1301.414134502411
46,172287,1.458932876586914,822,89193.75,1,False,1413,91419,0,5322,1305.1102759838104
48,176003,1.4863252639770508,837,90231.25,1,False,1414,95237,0,5323,1357.366772890091
50,179115,1.5120229721069336,852,88781.25,1,False,1415,99534,0,5326,1410.221225976944
50,179965,1.5138280391693115,853,89981.25,1,False,1416,99567,0,5327,1410.3313443660736
51,181853,1.5355134010314941,865,91181.25,0,False,1417,102096,0,5328,1439.379587173462
52,183584,1.5427768230438232,869,89481.25,0,False,1418,103540,0,5331,1457.390787601471
52,184996,1.5531432628631592,875,90681.25,0,False,1419,104485,0,5333,1468.2997980117798
53,185792,1.5617523193359375,880,91881.25,0,False,1420,105149,0,5335,1474.1937260627747
53,186962,1.5709755420684814,885,92081.25,0,False,1421,105568,0,5338,1476.4072744846344
53,187176,1.5728683471679688,886,91581.25,0,False,1422,105583,0,5340,1476.5109238624573
53,188411,1.5776622295379639,889,91981.25,0,False,1423,105732,0,5457,1477.850915670395
53,189027,1.5862667560577393,894,93006.25,0,False,1424,106537,0,5460,1489.2139270305634
54,190745,1.5979640483856201,900,92581.25,0,False,1425,107617,0,5461,1501.0530107021332
56,193202,1.61724853515625,912,93706.25,1,False,1426,112111,0,5462,1710.9248483181
56,193998,1.622157335281372,915,91006.25,1,False,1427,113357,0,5467,1727.4329295158386
57,197095,1.649521827697754,930,91731.25,0,False,1428,115614,0,5473,1756.937714099884
58,197428,1.654585599899292,933,92406.25,0,False,1429,116912,0,5476,1768.151573419571
58,199023,1.6598474979400635,936,92106.25,0,False,1430,117269,0,5477,1772.5504531860352
58,199924,1.6617789268493652,937,93081.25,0,False,1431,117331,0,5481,1775.2629115581512
58,200280,1.6646630764007568,939,94181.25,0,False,1432,117508,0,5483,1776.2030353546143
59,200886,1.6702158451080322,942,94581.25,0,False,1433,118496,0,5486,1787.7984037399292
60,205152,1.705418348312378,961,94531.25,0,False,1434,121685,0,5487,1823.5602304935455
61,206877,1.7266149520874023,973,92906.25,0,False,1435,124099,0,5489,1868.7627575397491
61,207013,1.7284183502197266,974,92881.25,0,False,1436,124364,0,5491,1870.6413445472717
61,208305,1.7322146892547607,976,92781.25,0,False,1437,124580,0,5557,1872.407877922058
62,209725,1.740570068359375,981,93181.25,0,False,1438,126904,0,5562,1905.074774980545
63,210824,1.752336025238037,988,93081.25,0,False,1439,128769,0,5566,1927.4675161838531
65,214449,1.77986478805542,1004,93131.25,1,False,1440,133237,0,5571,1997.1716117858887
66,214985,1.7865827083587646,1008,93206.25,0,False,1441,134391,0,5575,2018.945843219757
66,216557,1.8046927452087402,1018,93706.25,0,False,1442,135953,0,5579,2041.940853357315
69,219035,1.8361396789550781,1036,93631.25,2,False,1443,142623,0,5580,2136.3217210769653
70,219651,1.843686819076538,1039,93331.25,0,False,1444,142899,0,5581,2149.118361234665
71,223181,1.863450050354004,1050,93731.25,0,False,1445,145131,0,5582,2182.1518964767456
71,224174,1.8740437030792236,1056,93731.25,0,False,1446,146334,0,5586,2196.490872859955
72,225766,1.8847417831420898,1062,94131.25,0,False,1447,147385,0,5589,2212.9643170833588
72,226401,1.8931150436401367,1066,95331.25,0,False,1448,148760,0,5592,2231.364098072052
75,232265,1.9401283264160156,1093,95531.25,2,False,1449,155174,0,5595,2320.204217195511
76,233702,1.9599032402038574,1103,94406.25,0,False,1450,157960,0,5602,2364.816453933716
77,236130,1.972517728805542,1110,94531.25,0,False,1451,159365,0,5603,2389.790645122528
77,236825,1.9788501262664795,1114,95206.25,0,False,1452,160567,0,5605,2404.1682620048523
78,237466,1.985675573348999,1118,95606.25,0,False,1453,161255,0,5606,2409.243719100952
78,240929,1.998927116394043,1125,95806.25,0,False,1454,162920,0,5608,2436.926566362381
79,242776,2.016650676727295,1135,95581.25,0,False,1455,164548,0,5609,2459.2670147418976
79,243014,2.0187439918518066,1136,95906.25,0,False,1456,164656,0,5611,2461.678218603134
80,244226,2.0311241149902344,1143,96306.25,0,False,1457,166120,0,5612,2489.2966861724854
80,244980,2.0329782962799072,1144,96106.25,0,False,1458,166443,0,5613,2495.9207239151
81,246422,2.042990207672119,1149,96981.25,0,False,1459,167880,0,5614,2511.425322532654
81,247311,2.053025007247925,1152,97431.25,0,False,1460,168942,0,5615,2528.20383310318
82,250400,2.0739264488220215,1164,96981.25,0,False,1461,171974,0,5616,2589.6250352859497
83,251126,2.0812063217163086,1168,97256.25,0,False,1462,172750,0,5618,2598.5400087833405
84,256029,2.1155929565429688,1185,97706.25,0,False,1463,176168,0,5619,2673.986767053604
86,259105,2.1419339179992676,1199,96506.25,1,False,1464,179845,0,5620,2738.2547941207886
86,259243,2.1433892250061035,1200,96806.25,1,False,1465,179937,0,5626,2743.0230362415314
86,260284,2.1521170139312744,1205,97106.25,1,False,1466,180930,0,5627,2761.8639261722565
88,262884,2.179872512817383,1220,97306.25,1,False,1467,184626,0,5629,2826.928904056549
88,263395,2.186569929122925,1224,96831.25,1,False,1468,185688,0,5634,2844.050175189972
88,264695,2.19925856590271,1231,96931.25,1,False,1469,186486,0,5635,2861.424535036087
88,265593,2.2028491497039795,1233,97331.25,1,False,1470,186713,0,5636,2862.5721065998077
89,266107,2.2062270641326904,1235,98531.25,0,False,1471,186948,0,5664,2865.384030818939
90,269603,2.2326085567474365,1249,99131.25,0,False,1472,190757,0,5665,2920.665420770645
90,270217,2.238018035888672,1252,99131.25,0,False,1473,190961,0,5667,2922.256800174713
91,272709,2.261681079864502,1266,99656.25,0,False,1474,193078,0,5679,2950.203153371811
92,273926,2.275416374206543,1274,100206.25,0,False,1475,194928,0,5682,2974.00763130188
94,279771,2.3197271823883057,1298,99206.25,1,False,1476,200373,0,5683,3043.906149148941
95,282320,2.337843179702759,1308,97856.25,0,False,1477,203315,0,5684,3085.9771649837494
98,287940,2.389268636703491,1338,98256.25,2,False,1478,209150,0,5685,3150.1385169029236
99,290832,2.4125866889953613,1350,98306.25,0,False,1479,211649,0,5693,3186.821675300598
100,293433,2.428330659866333,1359,99506.25,0,False,1480,213997,0,5694,3222.9096887111664
100,293564,2.4297690391540527,1360,99806.25,0,False,1481,214201,0,5695,3224.8179965019226
101,294380,2.442131996154785,1367,100106.25,0,False,1482,216473,0,5700,3254.291776895523
103,297940,2.4642045497894287,1379,99556.25,1,False,1483,220074,0,5701,3302.0383298397064
105,302352,2.4946279525756836,1396,99406.25,1,False,1484,225917,0,5703,3379.2048783302307
106,305800,2.5191822052001953,1409,99156.25,0,False,1485,229100,0,5704,3414.8536970615387
106,306298,2.522728681564331,1411,99006.25,0,False,1486,229358,0,5705,3417.0928049087524
108,311013,2.551732301712036,1427,99306.25,1,False,1487,233307,0,5707,3472.5637381076813
108,311099,2.5537197589874268,1428,100306.25,1,False,1488,233503,0,5712,3473.463967561722
109,313368,2.573194742202759,1439,100456.25,0,False,1489,235105,0,5713,3492.3291738033295
110,314563,2.5878043174743652,1447,100706.25,0,False,1490,236660,0,5717,3505.720365524292
110,315633,2.5964136123657227,1452,101031.25,0,False,1491,237066,0,5718,3509.3775606155396
111,317439,2.6202163696289062,1465,101831.25,0,False,1492,241038,0,5719,3576.27525806427
115,322766,2.6781978607177734,1499,100731.25,3,False,1493,250229,0,5720,3685.1178874969482
115,323065,2.6836512088775635,1502,100181.25,3,False,1494,250831,0,5723,3693.937391281128
120,330147,2.7612545490264893,1547,100581.25,4,False,1495,262117,0,5726,3854.0862669944763
121,330895,2.7728421688079834,1554,100681.25,0,False,1496,264326,0,5727,3876.479187488556
127,343211,2.862875461578369,1606,100906.25,5,False,1497,277822,0,5728,4074.9052205085754
127,343508,2.8681490421295166,1609,101231.25,5,False,1498,279058,0,5729,4087.734808921814
128,344154,2.8749163150787354,1613,101631.25,0,False,1499,279669,0,5731,4093.975019931793
128,344250,2.8764870166778564,1614,101806.25,0,False,1500,280463,0,5732,4099.597646713257
130,349093,2.9278273582458496,1644,102006.25,1,False,1501,286818,0,5733,4179.933515548706
134,355231,2.979921340942383,1673,101631.25,3,False,1502,294673,0,5737,4286.0646760463715
139,368599,3.079509973526001,1729,101381.25,4,False,1503,306055,0,5739,4434.616776704788
139,370196,3.0886759757995605,1734,101931.25,4,False,1504,307526,0,5747,4455.3165872097015
142,377061,3.138549566268921,1761,102331.25,2,False,1505,314386,0,5748,4555.85306096077
143,379283,3.1688950061798096,1778,101606.25,0,False,1506,317455,0,5750,4604.140091896057
147,388354,3.2260336875915527,1810,101881.25,3,False,1507,326236,0,5751,4719.996095657349
148,392078,3.261212110519409,1830,102506.25,0,False,1508,330400,0,5776,4796.058402776718
149,393141,3.274879217147827,1838,102906.25,0,False,1509,331973,0,5777,4818.304043531418
149,393453,3.278394937515259,1840,103131.25,0,False,1510,332126,0,5778,4820.225304365158
151,397223,3.3190512657165527,1860,103531.25,1,False,1511,335947,0,5779,4876.803092002869
153,401699,3.357679605484009,1882,103231.25,1,False,1512,341832,0,5783,4981.584154129028
153,402301,3.3681905269622803,1886,103506.25,1,False,1513,342367,0,5786,4994.240379333496
156,404782,3.40146803855896,1904,103906.25,2,False,1514,347935,0,5787,5095.001012802124
158,408663,3.437154531478882,1924,103456.25,1,False,1515,353881,0,5791,5194.456147193909
158,409809,3.443911075592041,1928,103556.25,1,False,1516,354827,0,5797,5212.5773293972015
158,409994,3.446119785308838,1929,103856.25,1,False,1517,354849,0,5798,5212.678242921829
159,410643,3.4566094875335693,1934,104256.25,0,False,1518,355987,0,5808,5224.8472237586975
160,411947,3.4733526706695557,1943,104656.25,0,False,1519,359744,0,5812,5288.78334736824
162,414861,3.4978151321411133,1957,105206.25,1,False,1520,363379,0,5814,5353.41158747673
162,415591,3.5067412853240967,1962,105381.25,1,False,1521,364348,0,5824,5361.436340808868
162,416730,3.514008045196533,1966,105781.25,1,False,1522,365112,0,5825,5369.655676603317
164,421227,3.5390965938568115,1980,105981.25,1,False,1523,369174,0,5828,5432.006599187851
165,422135,3.550755739212036,1986,106106.25,0,False,1524,371465,0,5829,5458.835505247116
165,422949,3.5571892261505127,1989,106406.25,0,False,1525,371936,0,5830,5464.008014917374
166,423762,3.567652940750122,1995,106506.25,0,False,1526,373989,0,5831,5493.625555038452
167,426662,3.594623327255249,2010,106606.25,0,False,1527,377768,0,5832,5544.850182771683
171,434544,3.648772954940796,2039,105806.25,3,False,1528,385722,0,5835,5644.9277493953705
173,439793,3.6844687461853027,2059,104956.25,1,False,1529,392973,0,5838,5737.039732694626
174,441602,3.7022385597229004,2069,104756.25,0,False,1530,394338,0,5839,5762.260613203049
176,446919,3.7382147312164307,2089,105256.25,1,False,1531,400155,0,5840,5836.150322198868
177,448161,3.743635892868042,2092,105406.25,0,False,1532,400865,0,5842,5844.555209636688
177,450473,3.7625343799591064,2102,105481.25,0,False,1533,402346,0,5843,5868.835068702698
181,458285,3.831996202468872,2138,105681.25,3,False,1534,411876,0,5845,6001.551798343658
182,460665,3.8486328125,2147,105681.25,0,False,1535,414414,0,5846,6031.998336076736
183,462292,3.865830659866333,2157,106031.25,0,False,1536,416145,0,5847,6052.341361284256
183,463829,3.8820769786834717,2166,106381.25,0,False,1537,417648,0,5848,6071.934699773788
184,465157,3.895061731338501,2174,106781.25,0,False,1538,418725,0,5849,6084.070345878601
184,466738,3.907021999359131,2181,106706.25,0,False,1539,419944,0,5850,6098.520956993103
185,469998,3.925014019012451,2191,106981.25,0,False,1540,422945,0,5944,6141.166321754456
188,476697,3.9809494018554688,2222,108056.25,2,False,1541,429867,0,5948,6266.8931016922
189,478297,3.9986987113952637,2231,107956.25,0,False,1542,432240,0,5950,6301.344331026077
190,480737,4.020650863647461,2242,107306.25,0,False,1543,435403,0,5956,6339.770660161972
190,480990,4.022477865219116,2243,107356.25,0,False,1544,435590,0,5957,6341.564752817154
194,489555,4.105457544326782,2289,107481.25,3,False,1545,445490,0,5958,6504.992408752441
196,493619,4.139765977859497,2307,106806.25,1,False,1546,449348,0,5960,6560.194814443588
199,502122,4.200724363327026,2341,106581.25,2,False,1547,457349,0,5964,6665.93924498558
201,509752,4.248854637145996,2369,106656.25,1,False,1548,463009,0,5965,6737.149498462677
202,513260,4.277978181838989,2385,106681.25,0,False,1549,465746,0,5967,6769.905225992203
204,519134,4.341403007507324,2419,107081.25,1,False,1550,471123,0,5968,6845.045786619186
205,519923,4.353797197341919,2425,107181.25,0,False,1551,473036,0,5975,6872.760565280914
205,520647,4.362107038497925,2430,107531.25,0,False,1552,473925,0,5976,6882.555413007736
208,525945,4.413793563842773,2457,107331.25,2,False,1553,481488,0,5977,7005.465863704681
210,528663,4.436417818069458,2469,107581.25,1,False,1554,484571,0,6008,7043.1878571510315
210,529295,4.4453020095825195,2474,108381.25,1,False,1555,486372,0,6010,7062.332186222076
211,533975,4.477421045303345,2492,108806.25,0,False,1556,488746,0,6011,7115.01674413681
212,536737,4.489891767501831,2499,108981.25,0,False,1557,490837,0,6012,7144.726637125015
215,543148,4.54134726524353,2528,109731.25,2,False,1558,498507,0,6013,7268.521811962128
217,549009,4.6078407764434814,2565,108856.25,1,False,1559,505281,0,6014,7351.516247034073
219,553327,4.643070220947266,2584,108306.25,1,False,1560,509033,0,6034,7405.7975652217865
221,557817,4.681082487106323,2606,109281.25,1,False,1561,514049,0,6036,7475.569488286972
222,559448,4.705983638763428,2620,109681.25,0,False,1562,516848,0,6037,7517.066559314728
223,564004,4.73498272895813,2634,110131.25,0,False,1563,520585,0,6038,7556.469126701355
223,564425,4.740266799926758,2637,108856.25,0,False,1564,521274,0,6041,7564.1861307621
230,577465,4.851719856262207,2698,109456.25,6,False,1565,538988,0,6042,7812.1721534729
231,578616,4.856828451156616,2701,109306.25,0,False,1566,539816,0,6043,7822.179974794388
234,586801,4.927241802215576,2740,109706.25,2,False,1567,548214,0,6085,7943.065521478653
237,593377,4.998467683792114,2779,109756.25,2,False,1568,557723,0,6087,8084.52606844902
239,595633,5.024122714996338,2793,109681.25,1,False,1569,561754,0,6088,8142.0779893398285
240,596391,5.03211522102356,2797,109681.25,0,False,1570,563057,0,6091,8166.2419900894165
240,596796,5.036486387252808,2800,110081.25,0,False,1571,564472,0,6093,8182.636095046997
240,597878,5.041579961776733,2803,110381.25,0,False,1572,565295,0,6095,8198.542627334595
246,609297,5.143845319747925,2859,110581.25,5,False,1573,579491,0,6097,8406.625249147415
249,617038,5.213663101196289,2898,109881.25,2,False,1574,587756,0,6099,8523.041492938995
250,621116,5.2438859939575195,2915,110431.25,0,False,1575,590703,0,6100,8560.664138793945
255,631636,5.328296899795532,2962,110681.25,4,False,1576,603192,0,6101,8744.927978992462
255,634381,5.348033666610718,2971,110181.25,4,False,1577,604426,0,6104,8761.102819442749
257,639387,5.386271238327026,2992,111381.25,1,False,1578,608971,0,6105,8824.47596359253
259,643573,5.420223236083984,3011,111356.25,1,False,1579,614939,0,6106,8905.007944822311
260,646403,5.434178590774536,3019,111706.25,0,False,1580,616447,0,6107,8916.533552408218
273,675373,5.662278175354004,3147,111956.25,12,True,1581,650198,0,6109,9387.615631103516
275,681339,5.701313018798828,3169,110281.25,1,False,1582,655502,0,6110,9458.194785356522
278,693011,5.789947509765625,3218,110981.25,2,False,1583,665643,0,6111,9580.432447433472
284,706372,5.898482084274292,3279,111181.25,5,False,1584,680829,0,6136,9809.161183595657
286,711523,5.933385610580444,3298,110456.25,1,False,1585,684642,0,6137,9877.114457845688
288,717267,5.983205795288086,3326,110806.25,1,False,1586,690477,0,6138,9945.43674325943
288,717738,5.984794616699219,3327,111006.25,1,False,1587,690583,0,6147,9949.994492769241
291,722904,6.028324127197266,3351,111806.25,2,False,1588,697755,0,6148,10053.010343551636
295,734741,6.153533935546875,3416,112106.25,3,False,1589,710394,0,6150,10227.79857301712
296,735746,6.164016008377075,3422,111893.75,0,False,1590,711180,0,6151,10237.216345071793
296,737185,6.1782848834991455,3430,112293.75,0,False,1591,712782,0,6152,10255.799993038177
300,746903,6.256938695907593,3476,112693.75,3,False,1592,723361,0,6153,10396.647051095963
301,749148,6.278693914413452,3489,112456.25,0,False,1593,726838,0,6156,10439.982068777084
302,750002,6.28723669052124,3494,112331.25,0,False,1594,728520,0,6169,10467.163356781006
304,754268,6.328927040100098,3518,112731.25,1,False,1595,734689,0,6170,10542.75101518631
308,762403,6.414727210998535,3566,113181.25,3,False,1596,745672,0,6173,10689.463584661484
310,765911,6.450883388519287,3586,113606.25,1,False,1597,750520,0,6177,10759.88978266716
310,766186,6.452991962432861,3587,113806.25,1,False,1598,750604,0,6178,10760.217013120651
311,768877,6.47602105140686,3600,114206.25,0,False,1599,753311,0,6180,10790.871777057648
311,769975,6.480023622512817,3602,114106.25,0,False,1600,753783,0,6181,10799.659069776535
311,770346,6.483981609344482,3604,114831.25,0,False,1601,753955,0,6182,10800.304054498672
314,775233,6.540813207626343,3636,115056.25,2,False,1602,759838,0,6183,10870.615738630295
314,776159,6.550917387008667,3642,115556.25,2,False,1603,761332,0,6184,10887.914298534393
316,780399,6.5844948291778564,3661,115956.25,1,False,1604,765992,0,6186,10966.011562108994
316,782794,6.602829694747925,3671,116356.25,1,False,1605,768228,0,6190,10991.516275167465
318,786416,6.640740394592285,3691,116456.25,1,False,1606,773081,0,6195,11042.84390115738
318,787246,6.642654180526733,3692,115506.25,1,False,1607,773190,0,6197,11048.456574440002
318,788064,6.644570827484131,3693,116606.25,1,False,1608,773488,0,6198,11054.124711036682
320,791822,6.681458950042725,3711,117806.25,1,False,1609,779076,0,6199,11162.467381000519
321,795909,6.709750652313232,3723,117456.25,0,False,1610,782796,0,6202,11268.08177113533
322,797933,6.724016904830933,3731,118568.75,0,False,1611,786127,0,6203,11353.708522319794
325,804791,6.795138359069824,3763,118668.75,2,False,1612,794769,0,6206,11565.68912267685
327,810395,6.837341785430908,3785,117668.75,1,False,1613,799171,0,6208,11647.987269878387
328,813387,6.858016014099121,3796,116943.75,0,False,1614,802076,0,6214,11721.142666339874
330,815852,6.887485027313232,3812,117243.75,1,False,1615,806955,0,6215,11869.769115686417
330,816853,6.89809513092041,3818,117543.75,1,False,1616,809283,0,6216,11949.147749900818
331,817533,6.904686212539673,3822,117568.75,0,False,1617,810761,0,6217,11971.834140777588
332,820860,6.936333179473877,3840,117368.75,0,False,1618,814426,0,6220,12023.893463134766
336,829612,7.005662441253662,3877,117331.25,3,False,1619,824875,0,6221,12184.762829303741
338,835966,7.062393665313721,3909,116331.25,1,False,1620,831608,0,6222,12264.320051431656
339,837463,7.081667900085449,3920,116631.25,0,False,1621,834922,0,6223,12303.87336230278
341,842990,7.116742849349976,3939,116906.25,1,False,1622,839955,0,6227,12375.304779529572
343,847568,7.154213190078735,3960,117256.25,1,False,1623,845731,0,6231,12440.794376373291
350,869613,7.309125661849976,4046,118156.25,6,False,1624,865314,0,6232,12739.958740472794
353,875378,7.351770401000977,4070,118106.25,2,False,1625,872537,0,6234,12834.082728862762
354,876843,7.367567777633667,4079,117581.25,0,False,1626,875611,0,6235,12861.882985830307
354,878269,7.374878883361816,4083,117831.25,0,False,1627,877109,0,6236,12877.86430644989
354,879219,7.378478527069092,4085,118231.25,0,False,1628,877382,0,6237,12881.9403693676
355,880098,7.385214805603027,4089,119431.25,0,False,1629,878233,0,6239,12902.222565412521
359,890441,7.482417345046997,4141,119606.25,3,False,1630,892536,0,6240,13108.74084353447
360,893643,7.506585359573364,4155,120206.25,0,False,1631,894736,0,6295,13141.444276571274
360,895841,7.523512363433838,4163,119756.25,0,False,1632,895530,0,6296,13155.31846523285
361,896352,7.529130458831787,4166,119356.25,0,False,1633,896862,0,6297,13168.188772678375
361,897678,7.540620803833008,4172,119356.25,0,False,1634,898197,0,6299,13182.239554405212
363,906130,7.598965644836426,4205,119756.25,1,False,1635,903719,0,6300,13272.601374387741
364,907347,7.612636566162109,4213,120156.25,0,False,1636,905315,0,6301,13288.795761108398
367,913271,7.670949935913086,4242,120456.25,2,False,1637,914219,0,6305,13419.084604263306
369,919914,7.729107141494751,4273,120781.25,1,False,1638,920976,0,6306,13528.810755491257
370,922572,7.745773077011108,4282,120481.25,0,False,1639,923320,0,6307,13561.33769416809
377,936959,7.8805694580078125,4358,119931.25,6,False,1640,943563,0,6308,13826.056508779526
379,942953,7.934027433395386,4388,119431.25,1,False,1641,948718,0,6309,13913.695131778717
379,943143,7.93571138381958,4389,119831.25,1,False,1642,949026,0,6310,13920.520044326782
379,945514,7.955000638961792,4400,120231.25,1,False,1643,950663,0,6312,13949.345874547958
382,950770,8.010169982910156,4430,120331.25,2,False,1644,957553,0,6313,14055.936433315277
384,954757,8.050928831100464,4452,119881.25,1,False,1645,963908,0,6318,14155.023874759674
386,960239,8.095045566558838,4476,120231.25,1,False,1646,968820,0,6319,14225.901777744293
391,971949,8.181905269622803,4525,120581.25,4,False,1647,982684,0,6320,14434.30630493164
391,972443,8.190253019332886,4529,120256.25,4,False,1648,983416,0,6321,14440.196179628372
394,983244,8.260542869567871,4566,120556.25,2,False,1649,991116,0,6323,14540.065326690674
394,984676,8.272003412246704,4571,121156.25,2,False,1650,992379,0,6326,14557.229006290436
395,987401,8.299997806549072,4587,121306.25,0,False,1651,995439,0,6328,14605.798096895218
396,989095,8.310717344284058,4593,121506.25,0,False,1652,997702,0,6348,14645.403448343277
396,992031,8.32741403579712,4602,121806.25,0,False,1653,998316,0,6349,14654.382692575455
402,1011505,8.48658537864685,4690,121856.25,5,False,1654,1016646,0,6350,14925.959055900574
405,1018545,8.540395021438599,4719,120906.25,2,False,1655,1025420,0,6353,15056.056284427643
408,1024337,8.596148490905762,4751,121056.25,2,False,1656,1033105,0,6355,15170.594596624374
416,1043650,8.767163753509521,4845,120481.25,7,False,1657,1054703,0,6357,15490.56770658493
417,1048159,8.795173168182373,4860,121231.25,0,False,1658,1057180,0,6358,15531.288805246353
417,1048980,8.807318210601807,4867,120931.25,0,False,1659,1059332,0,6359,15573.271809101105
419,1052958,8.828622341156006,4878,121031.25,1,False,1660,1063005,0,6360,15627.21539068222
423,1064183,8.92665958404541,4931,121256.25,3,False,1661,1075317,0,6363,15797.348183393478
431,1084635,9.107269048690796,5030,121631.25,7,False,1662,1099293,0,6364,16147.46868801117
431,1085211,9.11430287361145,5034,122131.25,7,False,1663,1099897,0,6365,16151.609786748886
437,1101120,9.232094287872314,5099,121981.25,5,False,1664,1115414,0,6367,16374.490947723389
438,1102986,9.248866319656372,5109,122481.25,0,False,1665,1118488,0,6368,16427.956137895584
438,1105099,9.26384973526001,5113,122781.25,0,False,1666,1119756,0,6369,16451.339803934097
440,1111034,9.315728902816772,5140,122681.25,1,False,1667,1125821,0,6376,16537.4002969265
441,1115146,9.345104694366455,5156,123031.25,0,False,1668,1128408,0,6378,16568.9985704422
446,1130559,9.45955491065979,5220,123506.25,4,False,1669,1144196,0,6379,16852.337959766388
448,1132444,9.47565484046936,5229,122381.25,1,False,1670,1147603,0,6380,16906.959743976593
451,1142347,9.552026510238647,5271,122631.25,2,False,1671,1156897,0,6381,17075.295167684555
452,1145253,9.574486494064331,5284,122356.25,0,False,1672,1159579,0,6383,17117.98932814598
455,1155857,9.653683423995972,5325,123556.25,2,False,1673,1171204,0,6386,17278.156465530396
456,1158923,9.668530225753784,5333,124156.25,0,False,1674,1172238,0,6421,17307.29362797737
456,1159395,9.673730850219727,5336,125356.25,0,False,1675,1173184,0,6442,17324.961946487427
456,1160039,9.681416988372803,5340,125956.25,0,False,1676,1173541,0,6445,17330.00282716751
457,1163118,9.700979709625244,5351,126356.25,0,False,1677,1176186,0,6446,17359.561487436295
457,1163343,9.70454716682434,5353,126556.25,0,False,1678,1176562,0,6447,17362.26740717888
460,1172559,9.775115728378296,5393,126956.25,2,False,1679,1185562,0,6449,17492.35457968712
461,1176005,9.80902099609375,5411,127706.25,0,False,1680,1190624,0,6450,17540.377413988113
461,1176796,9.81080961227417,5412,127606.25,0,False,1681,1190683,0,6452,17540.691832304
464,1187785,9.88572072982788,5452,128806.25,2,False,1682,1198782,0,6453,17664.18807721138
464,1188392,9.890984296798706,5455,127981.25,2,False,1683,1199198,0,6454,17671.0372133255
466,1198201,9.95618224143982,5491,128481.25,1,False,1684,1207469,0,6455,17794.795132160187
469,1209564,10.034143686294556,5534,128006.25,2,False,1685,1217500,0,6486,17934.58798646927
471,1215580,10.070424318313599,5554,127956.25,1,False,1686,1222014,0,6487,18000.955399036407
475,1227927,10.186046838760376,5617,128856.25,3,False,1687,1236768,0,6494,18192.71688389778
477,1233105,10.229825735092163,5641,128106.25,1,False,1688,1242237,0,6495,18256.368709802628
477,1234836,10.240395784378052,5647,128506.25,1,False,1689,1242902,0,6496,18261.50400662422
479,1242579,10.304203510284424,5681,127956.25,1,False,1690,1250336,0,6498,18352.87749171257
481,1244573,10.325907945632935,5693,128381.25,1,False,1691,1255124,0,6499,18405.332043886185
482,1246981,10.345290660858154,5704,127881.25,0,False,1692,1258010,0,6501,18439.428648471832
482,1247284,10.350345849990845,5707,128081.25,0,False,1693,1258882,0,6502,18452.081841230392
482,1249225,10.35568881034851,5710,128381.25,0,False,1694,1259426,0,6503,18457.875037908554
484,1254642,10.400601387023926,5735,129581.25,1,False,1695,1264721,0,6505,18521.577820539474
484,1255782,10.404210090637207,5737,128231.25,1,False,1696,1265597,0,6506,18537.16765809059
487,1262480,10.459732055664062,5767,128631.25,2,False,1697,1273969,0,6510,18653.494845867157
488,1268023,10.51095199584961,5796,128531.25,0,False,1698,1279348,0,6512,18728.49809527397
489,1270448,10.536810398101807,5811,128931.25,0,False,1699,1283364,0,6513,18784.846702337265
492,1276089,10.592765808105469,5842,129131.25,2,False,1700,1290727,0,6520,18879.847623348236
493,1279897,10.625963687896729,5860,129431.25,0,False,1701,1295009,0,6521,18924.875066757202
494,1282381,10.646555185317993,5871,128831.25,0,False,1702,1296631,0,6523,18951.664014577866
494,1282577,10.648388385772705,5872,129231.25,0,False,1703,1297136,0,6525,18957.80726313591
494,1282955,10.651995658874512,5874,129631.25,0,False,1704,1297490,0,6526,18960.01489830017
496,1289020,10.699500560760498,5900,130431.25,1,False,1705,1304017,0,6527,19074.22429704666
496,1290949,10.702974796295166,5902,130181.25,1,False,1706,1304587,0,6528,19078.427374362946
497,1292149,10.715270042419434,5909,131381.25,0,False,1707,1305819,0,6529,19092.88031053543
497,1292995,10.725670337677002,5915,131681.25,0,False,1708,1307609,0,6530,19116.087047815323
498,1295304,10.751554727554321,5930,132481.25,0,False,1709,1310975,0,6531,19163.527099370956
504,1313305,10.900479316711426,6008,132581.25,5,False,1710,1330544,0,6532,19425.48650288582
507,1323320,10.972872972488403,6045,132531.25,2,False,1711,1339345,0,6538,19543.552544355392
510,1332740,11.044355392456055,6082,132931.25,2,False,1712,1348621,0,6539,19682.990765810013
512,1340504,11.103579759597778,6113,130681.25,1,False,1713,1355642,0,6543,19766.589489221573
515,1349790,11.176647901535034,6152,132781.25,2,False,1714,1365309,0,6544,19912.327057361603
515,1350797,11.187886953353882,6158,132281.25,2,False,1715,1367620,0,6545,19946.690929174423
516,1353074,11.211467742919922,6170,132681.25,0,False,1716,1369944,0,6547,19985.531869649887
516,1354831,11.2237389087677,6177,132581.25,0,False,1717,1372200,0,6548,20031.24183702469
517,1356390,11.236735343933105,6184,133181.25,0,False,1718,1373754,0,6549,20063.775330543518
517,1357162,11.240463256835938,6186,133781.25,0,False,1719,1374939,0,6551,20083.519941568375
520,1363179,11.29304313659668,6216,132781.25,2,False,1720,1382768,0,6552,20200.296902179718
523,1372791,11.366190433502197,6255,133456.25,2,False,1721,1392647,0,6553,20341.250051021576
523,1373919,11.38030457496643,6261,134431.25,2,False,1722,1393851,0,6554,20361.33426117897
523,1374220,11.384042024612427,6263,134831.25,2,False,1723,1394198,0,6555,20373.202218055725
526,1383774,11.455986022949219,6303,135231.25,2,False,1724,1404666,0,6557,20534.34219145775
526,1385868,11.46357011795044,6307,137331.25,2,False,1725,1405763,0,6558,20547.14174103737
528,1389562,11.49935531616211,6326,137481.25,1,False,1726,1411988,0,6561,20632.04306769371
530,1396686,11.56305193901062,6361,137806.25,1,False,1727,1420097,0,6563,20733.70557141304
530,1396846,11.565102815628052,6362,137406.25,1,False,1728,1420414,0,6564,20738.70995092392
535,1411521,11.680828094482422,6424,137806.25,4,False,1729,1437323,0,6565,20996.327593803406
541,1427989,11.8299081325531,6505,133131.25,5,False,1730,1456865,0,6566,21299.832091093063
541,1429480,11.840503454208374,6511,132731.25,5,False,1731,1458118,0,6567,21322.92029452324
542,1430777,11.857900142669678,6521,133031.25,0,False,1732,1459782,0,6568,21344.47457933426
544,1440261,11.935240745544434,6560,133431.25,1,False,1733,1468055,0,6572,21465.086417913437
545,1441821,11.953392267227173,6571,133631.25,0,False,1734,1471454,0,6575,21524.49666595459
550,1455586,12.067469596862793,6635,134031.25,4,False,1735,1485604,0,6576,21730.371788024902
553,1466602,12.148557662963867,6680,134131.25,2,False,1736,1496836,0,6577,21900.45499420166
557,1479793,12.250873565673828,6736,134531.25,3,False,1737,1509229,0,6578,22072.825826644897
558,1481329,12.268604040145874,6745,135131.25,0,False,1738,1510476,0,6579,22084.840344190598
559,1488997,12.341000080108643,6784,135531.25,0,False,1739,1516631,0,6581,22177.295004844666
560,1491285,12.360237836837769,6795,134931.25,0,False,1740,1519025,0,6583,22216.736357212067
561,1494184,12.377645492553711,6805,135731.25,0,False,1741,1521541,0,6584,22242.631185770035
562,1498241,12.420016765594482,6826,136131.25,0,False,1742,1525984,0,6630,22305.992953062057
563,1502761,12.46046257019043,6848,137031.25,0,False,1743,1530235,0,6631,22347.664232730865
564,1505745,12.481407880783081,6860,137931.25,0,False,1744,1531940,0,6632,22373.979684114456
564,1506916,12.49392318725586,6867,138131.25,0,False,1745,1533252,0,6637,22400.02597975731
568,1518079,12.613351583480835,6933,138531.25,3,False,1746,1548804,0,6640,22624.78680253029
571,1529181,12.692982912063599,6976,138431.25,2,False,1747,1557745,0,6643,22720.262210845947
572,1534032,12.72347092628479,6992,138981.25,0,False,1748,1562702,0,6644,22775.764691114426
573,1539641,12.759814262390137,7012,137706.25,0,False,1749,1566377,0,6647,22808.521199464798
576,1549218,12.838313579559326,7055,138906.25,2,False,1750,1574091,0,6649,22948.17649292946
579,1560415,12.938491582870483,7110,138306.25,2,False,1751,1585261,0,6650,23122.698858499527
585,1577762,13.095931053161621,7196,137806.25,5,False,1752,1604325,0,6651,23416.576018571854
586,1581062,13.124681234359741,7211,136681.25,0,False,1753,1608907,0,6653,23483.491764068604
587,1584588,13.155603647232056,7228,137481.25,0,False,1754,1611670,0,6654,23522.03324007988
587,1587034,13.174247980117798,7238,136981.25,0,False,1755,1613861,0,6655,23547.861248731613
590,1599176,13.25197958946228,7281,138181.25,2,False,1756,1623039,0,6659,23669.431347846985
590,1599785,13.257802248001099,7284,138481.25,2,False,1757,1623644,0,6660,23676.180399656296
594,1610001,13.359749555587769,7339,138881.25,3,False,1758,1635854,0,6662,23846.28413772583
594,1611595,13.37178897857666,7346,137781.25,3,False,1759,1637147,0,6664,23864.51235294342
600,1630624,13.513886213302612,7422,138581.25,5,False,1760,1657417,0,6665,24133.67202782631
613,1672982,13.834090232849121,7599,138431.25,12,True,1761,1698858,0,6666,24702.36584997177
613,1676194,13.850462675094604,7607,136381.25,12,True,1762,1700287,0,6667,24718.19722366333
620,1696855,14.017741441726685,7697,136681.25,6,False,1763,1721416,0,6672,25001.009117126465
624,1714145,14.162435531616211,7777,137181.25,3,False,1764,1736135,0,6673,25212.453342199326
627,1724184,14.229286909103394,7814,136931.25,2,False,1765,1745989,0,6674,25354.75582075119
630,1735611,14.322869300842285,7866,137231.25,2,False,1766,1754941,0,6675,25458.446224212646
630,1736735,14.3351571559906,7872,137631.25,2,False,1767,1755898,0,6676,25470.168972492218
631,1740854,14.374428749084473,7894,138031.25,0,False,1768,1759922,0,6677,25509.506235837936
634,1750562,14.44946813583374,7936,138931.25,2,False,1769,1768410,0,6681,25632.62281036377
636,1757069,14.506503820419312,7969,139131.25,1,False,1770,1775246,0,6682,25717.030378103256
639,1765903,14.577566385269165,8009,139806.25,2,False,1771,1786092,0,6683,25872.456639528275
645,1788450,14.75821852684021,8108,138881.25,5,False,1772,1808889,0,6685,26215.588551282883
650,1804079,14.897671699523926,8184,137006.25,4,False,1773,1823608,0,6686,26406.650339841843
652,1810521,14.944586992263794,8210,137681.25,1,False,1774,1828733,0,6687,26492.262211561203
652,1812136,14.956959247589111,8217,137706.25,1,False,1775,1830939,0,6688,26518.521528720856
653,1815489,14.985905408859253,8233,138506.25,0,False,1776,1833135,0,6689,26545.977002620697
657,1828892,15.104185104370117,8294,138806.25,3,False,1777,1846708,0,6690,26719.60577273369
658,1832645,15.127596378326416,8306,139206.25,0,False,1778,1848985,0,6691,26754.458525896072
661,1842133,15.212343454360962,8353,139806.25,2,False,1779,1859899,0,6692,26898.94941997528
661,1842419,15.215922355651855,8355,139681.25,2,False,1780,1860678,0,6694,26922.282657146454
664,1855030,15.328122854232788,8407,140081.25,2,False,1781,1871818,0,6695,27084.31211590767
664,1855442,15.333005428314209,8410,140056.25,2,False,1782,1871996,0,6696,27086.77596592903
668,1865102,15.410749912261963,8453,140356.25,3,False,1783,1884292,0,6698,27245.815366744995
669,1867967,15.434313774108887,8466,140256.25,0,False,1784,1888264,0,6699,27320.03365421295
670,1872770,15.467264413833618,8484,140656.25,0,False,1785,1891750,0,6700,27368.51510477066
678,1897716,15.673177242279053,8598,141056.25,7,False,1786,1918101,0,6701,27759.701265335083
680,1904249,15.727392196655273,8628,140756.25,1,False,1787,1924574,0,6702,27838.854846954346
682,1912362,15.7807776927948,8657,141556.25,1,False,1788,1931767,0,6703,27939.161631822586
683,1914900,15.809233903884888,8673,141856.25,0,False,1789,1935426,0,6706,27976.170114517212
685,1920792,15.862692832946777,8699,142256.25,1,False,1790,1940929,0,6707,28072.2637321949
685,1921490,15.870361089706421,8703,142006.25,1,False,1791,1942376,0,6708,28095.42204618454
687,1926364,15.91398024559021,8727,142406.25,1,False,1792,1948310,0,6710,28165.755657434464
692,1945569,16.055312871932983,8802,142506.25,4,False,1793,1966055,0,6711,28424.26333785057
694,1951093,16.102397918701172,8828,142756.25,1,False,1794,1970879,0,6719,28478.68312883377
696,1961993,16.187405586242676,8874,142856.25,1,False,1795,1979268,0,6721,28590.245183944702
697,1964526,16.215158700942993,8889,143256.25,0,False,1796,1982040,0,6722,28619.650775671005
698,1966504,16.236077308654785,8901,143656.25,0,False,1797,1984448,0,6723,28640.0198802948
700,1976488,16.309258460998535,8941,143306.25,1,False,1798,1992489,0,6724,28723.7021586895
703,1983679,16.390504598617554,8981,143456.25,2,False,1799,2003599,0,6725,28875.04083800316
704,1989177,16.421889066696167,8998,142056.25,0,False,1800,2006706,0,6726,28910.881360054016
705,1992546,16.44292950630188,9010,142506.25,0,False,1801,2008716,0,6727,28944.23439359665
707,2000493,16.512636423110962,9049,143706.25,1,False,1802,2016693,0,6731,29128.25743675232
707,2002090,16.5257568359375,9056,143906.25,1,False,1803,2018443,0,6733,29167.879243850708
708,2002865,16.53295588493347,9060,144106.25,0,False,1804,2020719,0,6734,29215.6562666893
710,2010837,16.60584831237793,9099,144506.25,1,False,1805,2029311,0,6735,29418.29349398613
711,2012086,16.617456436157227,9106,145356.25,0,False,1806,2030334,0,6736,29436.434614896774
712,2016407,16.654095888137817,9126,145556.25,0,False,1807,2034793,0,6737,29533.823800086975
714,2023667,16.70737648010254,9156,146556.25,1,False,1808,2041128,0,6740,29659.21604847908
715,2027688,16.742204189300537,9174,147656.25,0,False,1809,2046931,0,6744,29793.329472780228
717,2036058,16.81657361984253,9215,149256.25,1,False,1810,2055827,0,6748,30041.007558345795
721,2048861,16.931866884231567,9277,149706.25,3,False,1811,2071412,0,6749,30458.061898708344
723,2056886,17.00259566307068,9316,148656.25,1,False,1812,2079432,0,6750,30630.040563106537
725,2064600,17.06353521347046,9349,149056.25,1,False,1813,2087858,0,6751,30801.13490176201
726,2067745,17.08002281188965,9358,149456.25,0,False,1814,2088791,0,6863,30815.1795630455
732,2089479,17.271336555480957,9463,150656.25,5,False,1815,2111119,0,6865,31818.042231321335
732,2093315,17.300249814987183,9477,147506.25,5,False,1816,2114238,0,6866,31894.78776526451
736,2108246,17.417369842529297,9541,147856.25,3,False,1817,2127376,0,6867,32483.788414239883
740,2121816,17.529279232025146,9598,147556.25,3,False,1818,2142015,0,6902,33077.814468860626
740,2124309,17.55013632774353,9610,147356.25,3,False,1819,2143767,0,6904,33131.880756378174
742,2127919,17.590755462646484,9631,147431.25,1,False,1820,2151493,0,6906,33458.14126896858
748,2153291,17.775865077972412,9728,147281.25,5,False,1821,2172762,0,6907,33877.65208649635
749,2155448,17.785481691360474,9733,146281.25,0,False,1822,2174102,0,6908,33899.69286561012
755,2178906,17.98104453086853,9837,148681.25,5,False,1823,2200889,0,6911,34299.12620091438
756,2181297,18.00174307823181,9849,148706.25,0,False,1824,2204984,0,6921,34358.80827522278
758,2186395,18.039001941680908,9870,149006.25,1,False,1825,2210846,0,6922,34473.7170894146
761,2203930,18.161617755889893,9939,148406.25,2,False,1826,2221788,0,6980,34651.9466676712
761,2205431,18.171628952026367,9945,149306.25,2,False,1827,2223037,0,6988,34672.623739242554
762,2208973,18.20700240135193,9965,149606.25,0,False,1828,2227295,0,6989,34748.67521524429
766,2221016,18.292468309402466,10010,149681.25,3,False,1829,2242350,0,6991,34987.06430506706
767,2224475,18.318105697631836,10024,149781.25,0,False,1830,2243671,0,6992,35006.44056367874
772,2247562,18.492990255355835,10118,149781.25,4,False,1831,2264032,0,6993,35337.29047656059
773,2250154,18.514451265335083,10130,148906.25,0,False,1832,2267251,0,6996,35379.48903131485
774,2255119,18.540542602539062,10145,149306.25,0,False,1833,2272733,0,7022,35462.41524839401
775,2257721,18.565261602401733,10159,150506.25,0,False,1834,2276395,0,7024,35530.68249511719
777,2261281,18.591367721557617,10173,151006.25,1,False,1835,2281967,0,7025,35624.33565545082
778,2265364,18.630330801010132,10192,151306.25,0,False,1836,2285956,0,7026,35675.47516345978
782,2284000,18.76935577392578,10268,150806.25,3,False,1837,2303610,0,7027,35953.8452706337
785,2292294,18.855347633361816,10312,151606.25,2,False,1838,2313458,0,7035,36139.00377845764
786,2297636,18.89633822441101,10335,151906.25,0,False,1839,2319003,0,7036,36229.05297613144
786,2298086,18.900593042373657,10337,151856.25,0,False,1840,2319070,0,7037,36231.59076857567
787,2299029,18.911297082901,10343,152256.25,0,False,1841,2321069,0,7040,36265.486167907715
787,2301734,18.931135654449463,10352,152556.25,0,False,1842,2323855,0,7042,36307.91664361954
787,2301971,18.934494495391846,10354,153156.25,0,False,1843,2323925,0,7043,36312.56064033508
789,2306516,18.984310150146484,10381,153356.25,1,False,1844,2331786,0,7045,36425.73149847984
790,2309754,19.02178406715393,10401,153756.25,0,False,1845,2336838,0,7046,36510.812453985214
791,2310723,19.0314998626709,10406,153856.25,0,False,1846,2338011,0,7052,36529.40897989273
793,2323409,19.113298177719116,10451,154656.25,1,False,1847,2347521,0,7053,36702.17558383942
798,2341123,19.245622634887695,10521,154156.25,4,False,1848,2367517,0,7054,37035.132820129395
801,2354072,19.35498023033142,10578,153231.25,2,False,1849,2379224,0,7055,37251.32296490669
807,2376330,19.532289743423462,10676,151831.25,5,False,1850,2400055,0,7057,37590.97624564171
808,2380467,19.574557065963745,10700,152231.25,0,False,1851,2405370,0,7058,37670.681436538696
810,2390324,19.64834475517273,10740,152031.25,1,False,1852,2412334,0,7059,37776.97365140915
812,2393547,19.685473442077637,10760,152331.25,1,False,1853,2416978,0,7060,37849.39314723015
813,2402336,19.748124361038208,10795,152931.25,0,False,1854,2423429,0,7062,37927.04602432251
814,2404818,19.767395496368408,10806,154131.25,0,False,1855,2426370,0,7063,37982.383170604706
815,2406620,19.7822687625885,10814,154531.25,0,False,1856,2428350,0,7067,38003.242228746414
816,2411304,19.81838822364807,10833,154931.25,0,False,1857,2432511,0,7068,38047.185341119766
817,2414617,19.847912549972534,10850,155731.25,0,False,1858,2437238,0,7070,38131.05934715271
819,2421854,19.91447949409485,10884,155306.25,1,False,1859,2445892,0,7071,38248.20650100708
825,2448158,20.09788942337036,10984,155706.25,5,False,1860,2469487,0,7072,38588.39022946358
830,2466675,20.258708000183105,11072,154306.25,4,False,1861,2487591,0,7073,38869.16729140282
832,2470831,20.286743640899658,11087,154731.25,1,False,1862,2493531,0,7077,38957.28675699234
832,2473058,20.30335807800293,11096,155731.25,1,False,1863,2496622,0,7078,39009.72982406616
834,2482254,20.368229150772095,11131,155931.25,1,False,1864,2503390,0,7079,39136.258330106735
837,2493096,20.473209619522095,11188,156331.25,2,False,1865,2515739,0,7080,39300.25452828407
838,2496044,20.50004005432129,11202,157231.25,0,False,1866,2518345,0,7081,39338.731733083725
845,2533746,20.744176864624023,11337,158031.25,6,False,1867,2549719,0,7082,39853.21390628815
849,2547529,20.8550546169281,11392,157031.25,3,False,1868,2563076,0,7083,40060.4506175518
849,2548732,20.867573738098145,11399,156506.25,3,False,1869,2564959,0,7084,40089.75877428055
852,2558641,20.93094229698181,11434,156006.25,2,False,1870,2576704,0,7085,40295.492267370224
853,2560599,20.94707465171814,11443,155606.25,0,False,1871,2579684,0,7087,40340.598019361496
858,2575522,21.09484100341797,11525,156406.25,4,False,1872,2600293,0,7088,40666.30856657028
860,2582577,21.15668296813965,11559,155306.25,1,False,1873,2606736,0,7089,40761.18736195564
861,2586943,21.202142000198364,11582,155406.25,0,False,1874,2610454,0,7090,40805.61018371582
864,2599728,21.28105115890503,11625,155706.25,2,False,1875,2620213,0,7122,40947.33612418175
865,2602045,21.307556867599487,11639,156331.25,0,False,1876,2624374,0,7123,41032.5488550663
865,2602260,21.30915641784668,11640,156131.25,0,False,1877,2624432,0,7124,41033.046334028244
868,2615299,21.419920682907104,11701,156931.25,2,False,1878,2639322,0,7125,41306.51063990593
874,2633897,21.576585054397583,11787,157031.25,5,False,1879,2659239,0,7126,41622.58194112778
880,2659906,21.791033029556274,11902,157206.25,5,False,1880,2684013,0,7127,42020.683899879456
885,2678253,21.95207977294922,11989,156831.25,4,False,1881,2704253,0,7129,42341.99657249451
893,2706285,22.192432165145874,12114,155631.25,7,False,1882,2732516,0,7130,42819.21907663345
893,2708928,22.21453857421875,12126,154531.25,7,False,1883,2734861,0,7131,42847.75314664841
896,2721134,22.304984092712402,12176,154931.25,2,False,1884,2744942,0,7132,42989.69260811806
896,2723049,22.317729473114014,12183,154731.25,2,False,1885,2746366,0,7133,43028.65214014053
898,2727951,22.36743426322937,12208,155356.25,1,False,1886,2751428,0,7134,43102.326457738876
901,2738279,22.46909260749817,12264,155931.25,2,False,1887,2764579,0,7135,43311.522544384
920,2803749,23.00486135482788,12561,156331.25,18,True,1888,2833499,0,7137,44374.3278234005
920,2805036,23.01927924156189,12569,155206.25,18,True,1889,2834301,0,7148,44380.19083189964
924,2816300,23.125170707702637,12626,155706.25,3,False,1890,2847414,0,7150,44588.27312994003
933,2852570,23.409430980682373,12775,156006.25,8,False,1891,2881525,0,7151,45115.84694623947
940,2883233,23.64995789527893,12906,155081.25,6,False,1892,2907922,0,7152,45590.508170604706
946,2909366,23.871607065200806,13027,155381.25,5,False,1893,2931664,0,7153,45990.26356625557
955,2940579,24.116674184799194,13161,155781.25,8,False,1894,2962244,0,7154,46469.066888809204
961,2968852,24.312368154525757,13269,155181.25,5,False,1895,2984094,0,7156,46827.945170640945
966,2987755,24.46471381187439,13350,154581.25,4,False,1896,3001886,0,7157,47098.207365989685
966,2988202,24.466297149658203,13351,154981.25,4,False,1897,3002132,0,7165,47099.90558886528
966,2990467,24.478537797927856,13358,155581.25,4,False,1898,3003244,0,7166,47120.388263463974
978,3034790,24.83437705039978,13547,155981.25,11,True,1899,3046240,0,7167,47793.81077980995
988,3073215,25.132304430007935,13704,155656.25,9,False,1900,3084493,0,7168,48373.02798914909
990,3077811,25.182203769683838,13732,155706.25,1,False,1901,3091471,0,7169,48497.546536684036
991,3081885,25.214847803115845,13750,156356.25,0,False,1902,3094678,0,7170,48540.830418109894
993,3088894,25.260966539382935,13775,156756.25,1,False,1903,3101312,0,7172,48664.31550478935
996,3100438,25.372737169265747,13837,157356.25,2,False,1904,3113664,0,7173,48850.354345321655
997,3105777,25.429604053497314,13863,158156.25,0,False,1905,3119049,0,7175,48944.093633174896
1000,3115980,25.538012981414795,13920,158456.25,2,False,1906,3131108,0,7177,49127.43227696419
1006,3135183,25.76137638092041,14032,158906.25,5,False,1907,3152775,0,7178,49782.41288661957
1007,3138507,25.80285334587097,14054,159481.25,0,False,1908,3156289,0,7179,49851.58774471283
1012,3152707,25.962902069091797,14132,159581.25,4,False,1909,3175741,0,7180,50490.90420341492
1015,3165305,26.100353479385376,14201,159881.25,2,False,1910,3188655,0,7181,50886.75100541115
1016,3167469,26.120912075042725,14212,159856.25,0,False,1911,3191158,0,7182,50954.220581531525
1017,3170735,26.15391254425049,14229,160256.25,0,False,1912,3196163,0,7183,51099.77395772934
1020,3178598,26.235955476760864,14268,160656.25,2,False,1913,3206482,0,7185,51430.700338840485
1035,3224528,26.757699489593506,14525,160756.25,14,True,1914,3264499,0,7186,53038.89372467995
1036,3227541,26.792147636413574,14542,159381.25,0,False,1915,3268369,0,7188,53171.7497882843
1049,3270215,27.276017665863037,14786,159781.25,12,True,1916,3316333,0,7189,54363.4893052578
1050,3272949,27.307695865631104,14802,158431.25,0,False,1917,3321780,0,7191,54480.4476878643
1059,3299184,27.586275577545166,14943,158731.25,8,False,1918,3353511,0,7192,54992.013258218765
1070,3336755,27.966952323913574,15138,158881.25,10,False,1919,3395617,0,7193,55702.728061914444
1070,3336916,27.968719244003296,15139,160181.25,10,False,1920,3395861,0,7194,55706.054428339005
1072,3344569,28.05298662185669,15182,160981.25,1,False,1921,3403531,0,7195,55834.85931587219
1076,3356253,28.179152488708496,15247,161281.25,3,False,1922,3417671,0,7196,56089.86215043068
1085,3385498,28.464947938919067,15403,161681.25,8,False,1923,3453381,0,7197,56669.41127848625
1086,3387398,28.482630491256714,15413,160881.25,0,False,1924,3455593,0,7198,56706.73898267746
1095,3420768,28.833534717559814,15599,161481.25,8,False,1925,3492667,0,7199,57315.17608690262
1096,3422386,28.851749181747437,15607,161281.25,0,False,1926,3494326,0,7200,57335.08038377762
1098,3428917,28.91563582420349,15640,161581.25,1,False,1927,3501621,0,7201,57461.330271959305
1103,3446843,29.110371828079224,15744,162381.25,4,False,1928,3520889,0,7202,57756.571063280106
1106,3459039,29.23176145553589,15809,162281.25,2,False,1929,3535112,0,7204,57979.91481232643
1113,3477558,29.44616413116455,15923,162381.25,6,False,1930,3559174,0,7205,58363.68274331093
1113,3477772,29.4478497505188,15924,162581.25,6,False,1931,3559608,0,7206,58367.69981980324
1113,3479454,29.46758532524109,15933,163381.25,6,False,1932,3561809,0,7207,58406.94385290146
1118,3494030,29.645797967910767,16014,163481.25,4,False,1933,3579224,0,7208,58706.35169291496
1130,3537462,30.167930603027344,16244,163306.25,11,True,1934,3626721,0,7209,59623.06554222107
1144,3586032,30.778992176055908,16510,163406.25,13,True,1935,3683185,0,7210,60748.63199067116
1151,3607794,31.044955015182495,16633,162643.75,6,False,1936,3708493,0,7211,61236.08813691139
1157,3620983,31.207091808319092,16709,161443.75,5,False,1937,3728698,0,7212,61589.836569070816
1157,3624018,31.241765022277832,16725,161993.75,5,False,1938,3731963,0,7214,61660.104729413986
1158,3625515,31.25435972213745,16731,162393.75,0,False,1939,3733084,0,7215,61674.41450500488
1159,3631549,31.32324743270874,16762,162993.75,0,False,1940,3738807,0,7217,61788.89218902588
1161,3636619,31.388757467269897,16789,163193.75,1,False,1941,3744382,0,7218,61887.562308073044
1163,3642793,31.46412944793701,16824,163493.75,1,False,1942,3753049,0,7219,62050.86886835098
1168,3657092,31.64728283882141,16905,163668.75,4,False,1943,3773507,0,7220,62413.70229887962
1170,3663282,31.72567582130432,16942,164168.75,1,False,1944,3779947,0,7222,62543.70525407791
1171,3669287,31.79652714729309,16974,164468.75,0,False,1945,3785076,0,7223,62637.29236340523
1172,3671970,31.834535598754883,16991,164768.75,0,False,1946,3789008,0,7224,62724.524976968765
1175,3679283,31.9384822845459,17038,164968.75,2,False,1947,3798345,0,7225,62894.92231011391
1179,3696396,32.153300285339355,17133,165843.75,3,False,1948,3815335,0,7228,63190.62377500534
1187,3725206,32.51865577697754,17291,166243.75,7,False,1949,3845755,0,7229,63765.97930765152
1189,3733738,32.620089530944824,17336,166118.75,1,False,1950,3854415,0,7230,63942.84410095215
1190,3737452,32.66069555282593,17354,166393.75,0,False,1951,3858726,0,7231,64017.67303133011
1194,3755938,32.883925437927246,17448,166793.75,3,False,1952,3875407,0,7232,64331.3588719368
1200,3774234,33.10217070579529,17550,166568.75,5,False,1953,3897499,0,7233,64742.01137256622
1202,3780669,33.18195962905884,17585,166968.75,1,False,1954,3904511,0,7234,64862.432358026505
1205,3792049,33.302735328674316,17651,167568.75,2,False,1955,3916158,0,7235,65083.71663975716
1212,3813690,33.545392990112305,17771,168368.75,6,False,1956,3945516,0,7236,65571.10819482803
1241,3900465,34.468342781066895,18256,168218.75,28,True,1957,4059740,0,7237,67461.16637921333
1249,3928431,34.74236440658569,18405,167693.75,7,False,1958,4091666,0,7238,67993.82821321487
1251,3936718,34.82511520385742,18449,166818.75,1,False,1959,4098025,0,7239,68098.00587368011
1252,3940239,34.8647084236145,18468,167343.75,0,False,1960,4102962,0,7240,68160.03800368309
1258,3961601,35.091217041015625,18584,168543.75,5,False,1961,4127036,0,7241,68551.93154501915
1259,3964163,35.114744424819946,18596,168418.75,0,False,1962,4129647,0,7242,68593.15928030014
1270,3999621,35.48111009597778,18791,168906.25,10,False,1963,4175811,0,7243,69280.75293922424
1271,4003010,35.517422914505005,18810,167743.75,0,False,1964,4179407,0,7247,69344.90140986443
1278,4023699,35.727360248565674,18921,168343.75,6,False,1965,4204254,0,7248,69797.50328350067
1280,4030557,35.79225134849548,18956,168218.75,1,False,1966,4212904,0,7249,69931.17255997658
1296,4088544,36.39367890357971,19270,167718.75,15,True,1967,4275692,0,7250,71039.17013692856
1296,4089626,36.404356718063354,19276,168018.75,15,True,1968,4276713,0,7253,71062.79618096352
1300,4106703,36.559062004089355,19361,168418.75,3,False,1969,4292636,0,7256,71330.67467522621
1301,4110295,36.597474575042725,19381,169218.75,0,False,1970,4297207,0,7257,71401.03587317467
1308,4137294,36.880147218704224,19530,169518.75,6,False,1971,4323480,0,7258,71898.67860603333
1309,4141770,36.92220997810364,19554,169943.75,0,False,1972,4329158,0,7259,71977.91804599762
1316,4162788,37.14246463775635,19668,171743.75,6,False,1973,4356884,0,7261,72455.11409687996
1317,4171202,37.22255730628967,19710,171143.75,0,False,1974,4364341,0,7324,72572.89591479301
1326,4200224,37.5240592956543,19868,171793.75,8,False,1975,4400456,0,7327,73195.47320890427
1331,4219194,37.721110343933105,19968,172456.25,4,False,1976,4423203,0,7331,73542.97437596321
1338,4241893,37.9615216255188,20094,170606.25,6,False,1977,4452213,0,7332,73996.45827054977
1340,4244722,37.99072790145874,20109,171006.25,1,False,1978,4457240,0,7333,74072.1643922329
1347,4267106,38.23351430892944,20236,171806.25,6,False,1979,4486915,0,7334,74562.10535407066
1352,4283580,38.39921736717224,20325,171306.25,4,False,1980,4507630,0,7335,74902.63587713242
1353,4288899,38.45286536216736,20354,171706.25,0,False,1981,4512869,0,7336,74997.03350043297
1358,4306939,38.641225814819336,20451,171556.25,4,False,1982,4531238,0,7337,75273.99684143066
1360,4313523,38.704622983932495,20486,171856.25,1,False,1983,4539216,0,7338,75405.56154751778
1368,4339837,39.01087665557861,20634,172256.25,7,False,1984,4572805,0,7339,75916.13917374611
1374,4363107,39.22058463096619,20747,171475.0,5,False,1985,4595460,0,7340,76278.47901678085
1377,4373333,39.33617830276489,20805,171675.0,2,False,1986,4607402,0,7341,76490.24539613724
1380,4387569,39.48190522193909,20883,172075.0,2,False,1987,4619390,0,7342,76659.6165175438
1389,4419670,39.82066249847412,21066,172175.0,8,False,1988,4657386,0,7346,77246.11777210236
1392,4428307,39.914385080337524,21116,172025.0,2,False,1989,4668550,0,7348,77438.91497421265
1393,4433061,39.968231201171875,21141,172625.0,0,False,1990,4672720,0,7349,77514.98071360588
1397,4449578,40.12583947181702,21222,173825.0,3,False,1991,4689847,0,7350,77765.87791061401
1399,4455917,40.198771238327026,21257,174625.0,1,False,1992,4697609,0,7351,77908.28095412254
1401,4464256,40.28643774986267,21304,175425.0,1,False,1993,4707063,0,7352,78054.28767371178
1418,4524198,40.879579067230225,21612,176025.0,16,True,1993,4777454,0,7352,79264.15118932724
